Merchant,Destination City
khaadi,lahore
khaadi,multan
sapphire,lahore
khaadi,karachi
outfitters,rawalpindi
outfitters,faisalabad
sana safinaz,karachi
outfitters,islamabad
gul ahmed,sukkur
outfitters,gujranwala
sapphire,rawalpindi
sapphire,islamabad
sapphire,gujranwala
outfitters,taxila
khaadi,rawalpindi
khaadi,hyderabad
khaadi,sahiwal
khaadi,islamabad
khaadi,gujranwala
gul ahmed,qasim pur
sana safinaz,hyderabad
sapphire,faisalabad
sana safinaz,bahawalpur
sapphire,peshawar
sapphire,wah cantt
gul ahmed,lahore
sana safinaz,lahore
outfitters,karachi
sana safinaz,quetta
khaadi,faisalabad
outfitters,sukkur
gul ahmed,islamabad
sapphire,multan
outfitters,wah cantt
sapphire,karachi
outfitters,lahore
gul ahmed,rawalpindi
sapphire,bahawalpur
sapphire,sialkot
gul ahmed,jehangira
khaadi,bahawalpur
khaadi,sialkot
gul ahmed,multan
sapphire,sukkur
gul ahmed,bahawalpur
gul ahmed,gujranwala
gul ahmed,hyderabad
gul ahmed,sahiwal
gul ahmed,wah cantt
khaadi,sargodha
khaadi,wah cantt
sapphire,hyderabad
sapphire,sargodha
sapphire,sahiwal
sapphire,talagang
outfitters,wazirabad
sapphire,quetta
bachaa party,karachi
gul ahmed,kamoke
sapphire,khurrianwala
khaadi,kamoke
sana safinaz,shabqadar
sana safinaz,tando allahyar
gul ahmed,wagah
gul ahmed,rahim yar khan
khaadi,rahim yar khan
gul ahmed,wazirabad
sapphire,nawabshah
outfitters,muzaffarabad
sana safinaz,faisalabad
khaadi,muzaffarabad
sapphire,gujrat
khaadi,sukkur
bachaa party,hyderabad
khaadi,sadiqabad
khaadi,khurrianwala
sana safinaz,islamabad
khaadi,wazirabad
sana safinaz,gujranwala
bachaa party,talagang
gul ahmed,faisalabad
sapphire,kotri
sapphire,jamshoro
bachaa party,quetta
sapphire,tando jam
outfitters,kamoke
sapphire,kamoke
sapphire,wazirabad
sapphire,kunjah
gul ahmed,khurrianwala
sapphire,jhang
sapphire,muzaffarabad
bachaa party,sukkur
bachaa party,islamabad
sana safinaz,multan
bachaa party,rahim yar khan
sana safinaz,rahim yar khan
sana safinaz,peshawar
sana safinaz,matiari
sana safinaz,rawalpindi
sana safinaz,kamoke
sana safinaz,wazirabad
sana safinaz,gujrat
gul ahmed,karachi
sana safinaz,sargodha
bachaa party,lahore
bachaa party,rawalpindi
sana safinaz,wah cantt
outfitters,hyderabad
gul ahmed,peshawar
khaadi,gujrat
bachaa party,nawabshah
outfitters,multan
outfitters,sialkot
sana safinaz,sahiwal
bachaa party,peshawar
bachaa party,faisalabad
sapphire,abbottabad
sana safinaz,khurrianwala
